{"cameraMode":{"drawMode":0,"name":"Shaded","section":"Shading Mode"},"sceneLighting":true,"audioPlay":false,"sceneViewState":{"m_AlwaysRefresh":false,"showFog":true,"showSkybox":true,"showFlares":true,"showImageEffects":true,"showParticleSystems":true,"showVisualEffectGraphs":true,"m_FxEnabled":false},"in2DMode":false,"pivot":{"x":-0.4699999988079071,"y":12.199999809265137,"z":-61.290000915527347},"rotation":{"x":-0.09583870321512222,"y":-0.01701006479561329,"z":0.0016546555561944843,"w":-0.9952579736709595},"size":4.223933696746826,"orthographic":true}